repo_id,repo_path,stars
45717250,tensorflow/tensorflow,42127
3228505,atom/atom,33650
20580498,kubernetes/kubernetes,19666
21540759,avelino/awesome-go,17382
26516210,letsencrypt/letsencrypt,17232
8681349,cantino/huginn,15413
11180687,spf13/hugo,14118
1028340,ajaxorg/ace,14078
10567197,progrium/dokku,12871
301742,tornadoweb/tornado,12725
11225014,coreos/etcd,11917
13840241,Thibaut/devdocs,11358
10219106,linnovate/mean,9733
13124802,influxdb/influxdb,9561
20537104,cayleygraph/cayley,8908
15045751,docker/compose,8759
27729880,grpc/grpc,8224
16607898,drone/drone,8205
10894716,irungentoo/toxcore,8167
17066884,binux/pyspider,8110
4307108,bitly/nsq,7924
6838921,prometheus/prometheus,7516
35756351,nagadomi/waifu2x,7423
2990192,WhisperSystems/Signal-Android,7122
13807606,junegunn/fzf,6902
19249835,google/WebFundamentals,6846
6934395,facebook/rocksdb,6807
9603889,NodeBB/NodeBB,6756
41673581,relax/relax,6659
31829770,AngularClass/angular2-webpack-starter,6331
48953775,shekhargulati/52-technologies-in-2016,6285
41986369,pingcap/tidb,6235
42586612,cmusatyalab/openface,6042
42408804,EmileVauge/traefik,5865
13753636,jhipster/generator-jhipster,5741
21463898,twostairs/paperwork,5575
10717112,shipyard/shipyard,5572
6731432,koalaman/shellcheck,5439
20773773,bazelbuild/bazel,5439
11195700,Khan/KaTeX,5348
25804514,wandoulabs/codis,5204
47851629,howdyai/botkit,5190
2851691,joemccann/dillinger,5163
5710848,TelescopeJS/Telescope,5097
14329321,phusion/baseimage-docker,5000
20653934,google/cadvisor,4997
26337322,rancher/rancher,4911
2400938,paulasmuth/fnordmetric,4898
9252533,numenta/nupic,4691
53632140,zyedidia/micro,4688
3791384,coursera-dl/coursera-dl,4658
10575878,kevana/ui-for-docker,4587
57222302,openai/gym,4520
1145832,pry/pry,4501
23059575,weaveworks/weave,4496
101248,samuelclay/NewsBlur,4495
1725199,github/linguist,4370
43160685,zulip/zulip,4354
6297520,quantopian/zipline,4236
58157629,tensorflow/magenta,4202
19360616,docker/swarm,4199
11008207,youtube/vitess,4157
29882262,rauchg/slackin,4147
59720190,channelcat/sanic,4130
19748251,claritylab/lucida,4127
65711522,baidu/Paddle,4064
30203935,metabase/metabase,4041
12226786,lovell/sharp,4041
7561862,ideawu/ssdb,4028
27860738,matz/streem,3988
1116542,tatsuhiro-t/aria2,3978
40008106,MarshallOfSound/Google-Play-Music-Desktop-Player-UNOFFICIAL-,3965
59652928,akveo/ng2-admin,3965
865250,presidentbeef/brakeman,3937
4869294,radare/radare2,3849
7777332,BBC-News/wraith,3839
24968828,sosedoff/pgweb,3833
13257135,hashicorp/serf,3810
14259343,openalpr/openalpr,3790
17528018,erming/shout,3759
31558937,gravitational/teleport,3709
52595226,xtaci/kcptun,3641
1021040,sj26/mailcatcher,3637
14473933,andersevenrud/OS.js-v2,3636
15452925,sjwhitworth/golearn,3612
15652312,zhukov/webogram,3588
32935745,eclipse/che,3564
44634390,schollz/find,3549
54621372,amznlabs/amazon-dsstne,3527
7910045,badges/shields,3496
29758007,gliderlabs/docker-alpine,3488
54808920,future-architect/vuls,3400
22361,trogdoro/xiki,3395
26784827,dotnet/core,3351
24977535,dutchcoders/transfer.sh,3322
17996971,facebook/augmented-traffic-control,3301
50668112,Hashnode/mern-starter,3293
310611,apache/thrift,3238
21827146,chrislusf/seaweedfs,3161
48320384,danielquinn/paperless,3144
28930512,etsy/Hound,3133
44424500,reinderien/mimic,3128
23929024,jfrazelle/dockerfiles,3114
18079664,kanaka/mal,3061
15680717,arachnys/cabot,3022
14089735,ember-cli/ember-cli,3005
37791069,actorapp/actor-platform,2990
13926404,getredash/redash,2951
27576132,aws/aws-sdk-go,2908
51392574,redfin/react-server,2901
21109776,spotify/docker-gc,2900
80571,fatfreecrm/fat_free_crm,2830
28366058,docker/distribution,2801
45750356,facebook/mention-bot,2782
40621327,twitter/diffy,2781
7083240,orientechnologies/orientdb,2773
329035,aanand/git-up,2771
29925961,CiscoCloud/microservices-infrastructure,2768
22119747,gliderlabs/registrator,2725
29371034,micro/micro,2681
19248542,ClusterHQ/flocker,2667
1376101,cjdelisle/cjdns,2659
53171300,tidwall/tile38,2653
9461481,docker/docker-registry,2646
10395188,exercism/exercism.io,2643
6443435,nats-io/gnatsd,2631
26663083,mikesall/charted,2625
21436816,spinnaker/spinnaker,2625
10657447,jpetazzo/pipework,2602
43158694,twitter/heron,2569
21233191,ipfs/go-ipfs,2560
4190976,ziahamza/webui-aria2,2551
42841092,andrewngu/sound-redux,2479
13909573,cisco/openh264,2434
9193949,wallabag/wallabag,2398
56353740,kubernetes/minikube,2347
27729926,grpc/grpc-java,2320
1464380,haraka/Haraka,2315
4890177,sitespeedio/sitespeed.io,2296
57284932,IonicaBizau/scrape-it,2292
1151051,django-oscar/django-oscar,2291
32890693,MicrosoftDX/Vorlonjs,2288
19748680,gliderlabs/logspout,2285
3180884,peterbraden/node-opencv,2271
8711354,tabulapdf/tabula,2259
34921116,iovisor/bcc,2257
23061798,scylladb/seastar,2256
36071697,ory-am/hydra,2247
12115269,pydanny/cookiecutter-django,2225
49515,troessner/reek,2224
18165661,vulcand/vulcand,2215
3631697,tsuru/tsuru,2189
22031986,jtblin/angular-chart.js,2184
8863313,deivid-rodriguez/byebug,2164
31442355,Netflix/vector,2155
14410778,bosun-monitor/bosun,2107
36653430,hashicorp/nomad,2105
50056934,twitter/distributedlog,2104
14279525,phusion/passenger-docker,2094
41349039,dgraph-io/dgraph,2087
732593,cloudera/hue,2074
31923165,joelpx/plasma,2070
19452228,DTVD/rainbowstream,2068
9982892,Block8/PHPCI,2066
4916869,ramsey/uuid,2056
4946406,mher/flower,2045
514380,AliasIO/Wappalyzer,2043
28489249,GoogleChrome/sw-precache,2035
47025785,SwiftyBeaver/SwiftyBeaver,2032
45557469,NVIDIA/nvidia-docker,2006
3991627,douban/dpark,2002
30091667,remind101/empire,1997
42289146,meolu/walle-web,1987
35998691,electron-userland/electron-builder,1978
4224042,roundcube/roundcubemail,1976
41152295,LaraDock/laradock,1957
36914478,pfnet/chainer,1932
35394510,docker/docker-bench-security,1919
44887812,jamesob/desk,1912
10247874,docker/docker-py,1912
21428312,twbs/bootlint,1904
15259244,bitpay/bitcore,1897
1217831,camlistore/camlistore,1896
23072533,b3log/wide,1885
17762549,jwilder/docker-gen,1884
21484781,jumpserver/jumpserver,1878
44751102,etsy/phan,1876
3978001,b3log/solo,1872
12163044,lmenezes/elasticsearch-kopf,1872
14049216,cockpit-project/cockpit,1856
21704134,coreos/flannel,1823
16504076,douban/code,1820
27561102,stamparm/maltrail,1813
21476229,deanmalmgren/textract,1805
32403967,NVIDIA/DIGITS,1787
1184678,nicolasff/webdis,1785
49686795,redspread/spread,1756
13655949,docker-library/official-images,1748
4533231,jprante/elasticsearch-jdbc,1747
2217282,sightmachine/SimpleCV,1736
2286594,rolando/scrapy-redis,1734
21591001,cloudflare/cfssl,1723
41871628,oh-my-fish/oh-my-fish,1708
886774,rundeck/rundeck,1705
24507006,pixie-lang/pixie,1686
13674972,pavel-odintsov/fastnetmon,1682
7184072,hylang/hy,1680
10717754,elves/elvish,1673
16211818,facebook/mcrouter,1670
37038121,xenolf/lego,1658
20171642,spotify/helios,1643
36069295,huytd/agar.io-clone,1634
46140633,coreos/clair,1630
39473685,uber/go-torch,1625
237904,yesodweb/yesod,1618
28283593,letsencrypt/boulder,1603
40563188,Yelp/dumb-init,1600
21020707,jpetazzo/nsenter,1599
11204323,turingou/douban.fm,1598
50250915,jenkinsci/blueocean-plugin,1587
1208824,quartznet/quartznet,1585
2484971,zendframework/ZendSkeletonApplication,1557
239966,bfirsh/jsnes,1555
43766324,staltz/flux-challenge,1544
2491877,evantahler/actionhero,1534
2001372,pgbovine/OnlinePythonTutor,1532
32866430,square/keywhiz,1528
63287135,tejado/pgoapi,1506
23664475,Shopify/toxiproxy,1505
849182,ghcjs/ghcjs,1498
44835354,coreos/torus,1497
31341340,kern/filepizza,1481
25102239,tobegit3hub/seagull,1452
27350433,phusion/traveling-ruby,1434
18651281,gocircuit/circuit,1431
22254856,codecentric/spring-boot-admin,1424
18858585,mailhog/MailHog,1419
26827696,deviantony/docker-elk,1418
23267883,ansible-semaphore/semaphore,1408
37393283,chrislusf/glow,1391
48833910,pingcap/tikv,1388
52304529,uber-common/cpustat,1378
23806326,dropbox/djinni,1366
35170157,go-bootstrap/go-bootstrap,1366
13441956,jondot/sneakers,1363
36214040,hyperhq/hyperd,1362
9265076,DemocracyOS/democracyos,1359
39237460,capitalone/Hygieia,1350
2731301,loomio/loomio,1344
1006445,ruflin/Elastica,1341
61750042,ManoMarks/docker-swarm-visualizer,1333
1032,churchio/onebody,1327
31234749,pressly/sup,1312
10674033,marcgibbons/django-rest-swagger,1310
41056093,iron-io/dockers,1278
58327877,tombh/texttop,1269
65490877,Tetrachrome/subpixel,1255
16940917,mozilla/MozDef,1249
19361153,tdryer/hangups,1247
52281283,Gargron/mastodon,1234
21286688,dokku-alt/dokku-alt,1223
51250586,rsercano/mongoclient,1213
18950460,concourse/concourse,1212
1071489,catarse/catarse,1199
29151026,jlongster/blog,1197
10973318,mattupstate/overholt,1196
1094430,awesto/django-shop,1195
55075925,arachnys/athenapdf,1193
26522697,neomake/neomake,1191
49995426,labstack/armor,1182
12165811,php-curl-class/php-curl-class,1181
4124657,ajaxorg/ace-builds,1174
32020675,linagora/hublin,1168
14895592,twosigma/beaker-notebook,1168
4701858,joeferner/redis-commander,1168
19708981,tianon/gosu,1167
22931257,intelsdi-x/snap,1157
463074,geminabox/geminabox,1136
5573275,sdkman/sdkman-cli,1131
40916314,coreos/dex,1128
1953890,WardCunningham/Smallest-Federated-Wiki,1127
35919812,kbastani/spring-cloud-microservice-example,1127
37724576,codeclimate/codeclimate,1124
33037215,tomav/docker-mailserver,1123
40328394,angr/angr,1119
48857632,JrCs/docker-letsencrypt-nginx-proxy-companion,1110
55632099,emc-advanced-dev/unik,1093
19205896,restic/restic,1087
22216394,Yelp/dockersh,1078
3386088,NixOS/nix,1075
27146054,golang/tools,1069
28216616,zhihu/kids,1060
42975662,openblockchain/obc-peer,1060
16059467,crosbymichael/skydock,1043
17907002,HazyResearch/deepdive,1037
12229237,jpetazzo/dind,1037
18068542,sourcelair/xterm.js,1033
14346979,snipe/snipe-it,1031
50202399,goadapp/goad,1030
51037508,mozilla/http-observatory,1026
51462299,jaredpalmer/react-production-starter,1021
40404808,remie/YouTransfer,1011
12902737,IonicaBizau/github-contributions,1010
14510383,cloudflare/redoctober,1009
22660519,tailhook/vagga,979
10182205,scrapinghub/splash,976
29749065,haxpax/gosms,976
59298603,deployithq/deployit,975
18237202,krishnasrinivas/wetty,970
23272510,kubernetes/heapster,960
44998824,Yelp/paasta,957
32689932,kontena/kontena,955
13123142,espruino/Espruino,952
20207362,gliderlabs/docker-consul,949
35213122,ustwo/ustwo.com-frontend,947
2189967,Kozea/Radicale,944
34659664,weaveworks/scope,943
9998516,fsouza/go-dockerclient,943
15693680,docker/libcontainer,943
30649762,SeldonIO/seldon-server,941
30661643,confluentinc/bottledwater-pg,940
31673858,h2non/imaginary,940
1076534,atmos/camo,936
48967547,AlexTatiyants/pev,930
51149151,youtube/doorman,923
32500617,ajvb/kala,923
1352520,mozilla/kuma,919
29099181,keybase/client,918
27929056,nodejs/docker-node,916
3228734,joeferner/node-java,914
20267812,maciejczyzewski/hyhyhy,914
52039373,openwhisk/openwhisk,906
23087554,reddit/reddit-mobile,905
46277353,mgp25/Instagram-API,900
25112298,arguman/arguman.org,888
56547300,leveros/leveros,888
7414261,progrium/buildstep,887
22774923,mattes/migrate,884
54303805,buger/jsonparser,882
43752413,GoogleChrome/application-shell,881
26726495,go-swagger/go-swagger,880
2155566,facette/facette,880
2287470,uniqush/uniqush-push,878
38206506,codetainerapp/codetainer,878
8277372,spulec/moto,878
27534934,PokeAPI/pokeapi,871
16594532,openaddresses/openaddresses,870
38831886,owen2345/camaleon-cms,870
11125589,keycloak/keycloak,869
22327691,golang/example,860
26396554,i2y/mochi,859
23672982,coinbase/toshi,851
2911882,pooler/cpuminer,851
16923370,coderwall/coderwall,848
16246536,geerlingguy/drupal-vm,844
1166061,barnybug/cli53,840
18707202,gophercon/2014-talks,839
5057173,Free-Software-for-Android/AdAway,837
54785822,owocki/pytrader,834
62091339,kubernetes/kops,833
4227709,ReadyTalk/avian,832
18818296,pinterest/secor,832
13154096,ellson/graphviz,829
62232843,phaistos-networks/TANK,825
17603844,Mashape/mockbin,824
6778461,hakanensari/fixer-io,820
2057515,TracksApp/tracks,819
9323489,matthiasn/BirdWatch,814
12719968,mozilla/mig,811
31046054,docker/libnetwork,810
42740700,jhabdas/react-native-webpack-starter-kit,809
27392543,linkedin/gobblin,808
21144543,spotify/docker-maven-plugin,808
59475316,eventql/eventql,806
5366735,ptrofimov/beanstalk_console,806
43723161,kubernetes/helm,804
10389494,kasperisager/phpstack,802
50461701,tensorflow/serving,801
18924393,panrafal/depthy,796
44175502,FredericHeem/starhackit,794
4038949,tananaev/traccar,792
7769798,andyet/signalmaster,784
19353092,foam-framework/foam,784
14265145,dpgaspar/Flask-AppBuilder,783
17073481,sensu/uchiwa,781
31432573,krallin/tini,780
22841302,ehazlett/interlock,780
25712211,cloudfoundry-incubator/lattice-release,779
54003178,VikParuchuri/apartment-finder,778
51717338,trailbehind/DeepOSM,772
15814316,eBay/restcommander,771
29100229,outsideris/slack-invite-automation,770
39940111,lyst/lightfm,770
37743436,docker/notary,769
39411044,getquill/quill,768
45027656,oden-lang/oden,767
22352334,CentOS/CentOS-Dockerfiles,764
21611022,trntv/yii2-starter-kit,760
7448868,iagox86/dnscat2,758
41681600,influxdata/kapacitor,755
15061309,begriffs/haskell-vim-now,754
1165646,heroku/logplex,748
3016640,sbt/sbt-native-packager,747
9693534,PowerDNS/pdns,746
37482419,mmp/pbrt-v3,746
5569958,phpsysinfo/phpsysinfo,744
40686014,kubernetes/contrib,744
13003799,azukiapp/azk,743
21950910,GoogleCloudPlatform/PerfKitBenchmarker,741
20258239,andredumas/techan.js,737
10674058,swipely/docker-api,736
46714939,ethcore/parity,732
11879796,eugeneware/docker-wordpress-nginx,732
11597120,coreos/docs,720
22527161,google/jsonnet,715
50386287,lgtmco/lgtm,715
29803627,icecrime/docker-mon,710
19130362,geerlingguy/ansible-for-devops,710
23346910,QubitProducts/bamboo,708
9135204,djfarrelly/MailDev,708
18411972,FStarLang/FStar,707
44350607,kubernetes/dashboard,707
31006158,apache/ignite,701
55302159,whitesmith/hawkpost,701
4165675,smicallef/spiderfoot,695
9305769,bigcompany/hook.io,693
19045397,kamon-io/docker-grafana-graphite,693
22023776,lightning-viz/lightning,691
31272860,vert-x3/vertx-examples,686
3049190,moul/advanced-ssh-config,682
1487455,jugyo/earthquake,682
14247166,signalfx/maestro-ng,682
5891360,rubik/radon,680
27522271,golang/net,678
15405607,wurstmeister/kafka-docker,678
9992805,chef-cookbooks/docker,677
13509061,firebase/superstatic,671
29174627,google/kythe,667
22644637,OptimalBits/redbird,667
29234906,devsisters/libquic,663
2936989,racker/dreadnot,662
43526066,aelsabbahy/goss,660
1914329,golang/gddo,659
14959533,balde/balde,657
1068018,paparazzi/paparazzi,655
33082868,sqshq/PiggyMetrics,655
8019413,hpcloud/tail,653
63710570,favll/pogom,653
14242669,wallix/PEPS,652
18998308,justone/dockviz,652
8863081,thelia/thelia,652
20876967,atc-/docker-registry-ui,651
2801924,firehoseio/firehose,651
47131865,SpectoLabs/hoverfly,650
2354240,esl/MongooseIM,648
47463490,alex/letsencrypt-aws,644
8260546,miniflux/miniflux,641
47682281,datarhei/restreamer,639
1362437,mdp/rotp,637
32028167,certsocietegenerale/FIR,635
38273206,requiresafe/cli,635
5621246,NREL/api-umbrella,635
27358084,sysown/proxysql-0.2,632
34118374,reborndb/reborn,630
24375248,blockstack/blockstore,630
50202460,gophergala2016/gophernotes,627
18305346,tombh/peas,623
145744,flapjack/flapjack,621
49763476,mrvautin/adminMongo,618
20415251,docker-java/docker-java,612
43111018,purpleidea/mgmt,610
30008521,pulsarIO/realtime-analytics,607
13499335,jolicode/JoliCi,604
40606693,idevz/vanilla,601
40157863,aerofs/gockerize,601
2521861,OSBI/saiku,598
36699285,linkedin/Burrow,596
22183003,docker-library/php,595
15680174,marmelab/gaudi,593
9949492,thredded/thredded,590
12551315,jpetazzo/dockvpn,589
59715467,lambci/docker-lambda,589
29041226,rancher/convoy,587
11924438,turingou/candy,586
1854060,sheepdog/sheepdog,583
62773012,Dataman-Cloud/crane,583
3070373,nilsteampassnet/TeamPass,583
3007569,tahoe-lafs/tahoe-lafs,582
56516736,gridcontrol/gridcontrol,579
15691861,nfroidure/gulp-iconfont,576
63644333,justinleewells/pogo-optimizer,574
17151282,atmos/heaven,574
4585500,coderaiser/cloudcmd,574
10974239,malditogeek/vmux,573
54230994,miekg/coredns,568
44767194,joyent/containerpilot,567
27642603,thoas/picfit,567
4210683,puppetlabs/showoff,566
35129342,lsm/micromono,566
3080613,Toblerity/Shapely,563
35526700,Microsoft/rDSN,562
9478219,edx/configuration,561
39706711,hartator/wayback-machine-downloader,559
17313502,zddhub/opensse,555
24008590,dshearer/jobber,552
46677994,levlaz/braindump,549
32402910,ab77/netflix-proxy,548
3545658,inadarei/nodebootstrap,548
50673334,forward3d/uphold,539
18458047,google/souper,537
10534595,olipo186/Git-Auto-Deploy,537
41590877,mefellows/muxy,536
31038096,adamcooke/staytus,536
1758609,heroku/heroku-buildpack-php,535
10511953,square/shuttle,532
7705569,wger-project/wger,529
9908723,spotify/snakebite,529
13450948,skynetservices/skydns1,528
52837350,capitalone/cloud-custodian,527
10726545,localtunnel/server,525
44694794,kobolog/gorb,520
29349685,devsisters/goquic,517
13927180,tutumcloud/tutum-docker-mysql,515
43232067,peachdocs/peach,514
35671218,timeglass/glass,513
68070066,Coding/WebIDE,512
28681142,isislab/CTFd,510
36803364,shuup/shuup,509
24681398,stackforge/kolla,506
66573241,hyperledger/fabric,504
152812,magro/memcached-session-manager,504
10081109,rackerlabs/blueflood,504
22684655,xerial/sqlite-jdbc,500
20900043,google/fruit,499
32202540,harbur/captain,498
18128548,fabric8io/docker-maven-plugin,498
35921551,googlesamples/io2015-codelabs,495
43115475,TomasTomecek/sen,493
21317360,koding/koding,490
37787279,trivago/gollum,486
474869,kmuto/review,485
18464687,asapach/peerflix-server,483
7824282,alanshaw/david-www,481
18533350,uProxy/uproxy,480
2403904,Nilhcem/FakeSMTP,480
40642494,GitbookIO/nuts,480
8390605,victorstanciu/Wikitten,479
17490050,jupyter/colaboratory,479
2907031,Cockatrice/Cockatrice,477
540945,zeromq/jzmq,477
19953050,groupon/DotCi,477
34561327,eko/docker-symfony,476
7399031,chihaya/chihaya,474
33972837,armzilla/amazon-echo-ha-bridge,474
11746441,voxpupuli/puppetboard,473
35065876,GoogleCloudPlatform/python-docs-samples,472
20484506,spotify/docker-client,471
25438551,b00giZm/docker-compose-nodejs-examples,470
26984122,gliderlabs/herokuish,470
51462605,docker/datakit,468
1795049,mozilla/dxr,467
37042171,liuguangqiang/Idaily,467
44842326,paypal/seifnode,466
29069174,acemod/ACE3,465
24790602,spotify/docker-kafka,464
31560300,daattali/beautiful-jekyll,461
28969322,lukasmartinelli/py14,461
47392572,huytd/swift-http,459
51747445,sobolevn/git-secret,459
42417822,zchee/docker-machine-driver-xhyve,453
20078379,docker-library/postgres,450
35042996,mickhansen/graphql-sequelize,449
22976798,miloyip/nativejson-benchmark,446
28053761,AdRoll/hologram,445
50685592,GoogleCloudPlatform/cloud-vision,445
33637460,frewsxcv/afl.rs,444
34074446,j-bennet/wharfee,443
68063511,tsl0922/ttyd,442
46142401,AdaptiveConsulting/ReactiveTraderCloud,441
9549081,vstakhov/rspamd,441
8177778,koalalorenzo/python-digitalocean,438
1940673,assetgraph/assetgraph-builder,437
52876215,nimia/public_drown_scanner,436
4634707,intel-hadoop/HiBench,436
25354393,mozilla/geckodriver,434
42855306,NauxLiu/phphub-server,433
26097329,benas/gamehub.io,433
21370724,progrium/ambassadord,432
30081813,go-python/gopy,432
39223917,awslabs/aws-apigateway-importer,432
30490361,meteorhacks/meteord,431
67747748,w0rp/ale,430
962447,nicferrier/elnode,427
6535878,burke-software/django-report-builder,427
15187668,tutumcloud/lamp,427
2134217,net-commons/common-logging,425
20682452,lasp-lang/lasp,424
58556997,kittoframework/kitto,423
28192104,micahhausler/container-transform,422
13895958,openfarmcc/OpenFarm,421
19361014,svanoort/pyresttest,420
24117219,jupyter/tmpnb,420
46929625,cloud66/habitus,420
5513742,rstudio/shiny-server,416
138635,sunlightlabs/openstates,416
6257879,zeromq/zyre,415
1317787,structr/structr,415
32283257,philpep/testinfra,414
14061605,tianon/dockerfiles,412
15999638,xemul/criu,412
6938242,ciromattia/kcc,411
21972011,lexrus/ios-dev-playbook,411
62088377,skippbox/kompose,410
24993905,socketplane/socketplane,410
5663857,jeremylong/DependencyCheck,409
37904786,sourcelair/ceryx,409
16585506,nickjj/orats,409
22584482,monitoringartist/Zabbix-Docker-Monitoring,407
45088334,GameXG/TcpRoute2,406
177438,mnot/redbot,404
39179307,qor/qor-example,404
39787532,Microsoft/Virtualization-Documentation,404
42047400,osm2vectortiles/osm2vectortiles,400
37843831,francescou/docker-compose-ui,399
23577545,yogiben/meteor-starter,398
22713483,ibuildthecloud/systemd-docker,397
29601598,ceph/ceph-docker,397
16515058,quasar-analytics/quasar,396
38744670,zalando/patroni,395
62890617,EugenMayer/docker-sync,395
10775999,MeetMe/newrelic-plugin-agent,395
29210378,tmbdev/clstm,394
13111393,GNS3/gns3-gui,391
9524057,prometheus/node_exporter,390
2517167,jfhbrook/wzrd.in,389
2599450,tcs-de/nodecache,388
12735692,fgrehm/ventriloquist,386
15849295,marcuslonnberg/sbt-docker,384
11818087,alco/porcelain,384
20464428,matryer/goblueprints,383
5169716,wireload/screenly-ose,382
46712302,ghinda/jotted,382
1067731,kirel/detexify-hs-backend,381
19825320,Originate/git-town,381
38543346,marcelbirkner/docker-ci-tool-stack,380
15825933,dockerfile/java,380
22693761,googledatalab/datalab,378
16797453,cookpad/rrrspec,377
30329495,watson-developer-cloud/speech-to-text-nodejs,377
38333842,tidwall/Safe,375
15819677,dockerfile/elasticsearch,375
38307113,ContainerSolutions/minimesos,374
942931,sahib/rmlint,372
19799491,tendermint/tendermint,371
41084349,kuzzleio/kuzzle,371
33886250,yandex/rep,370
24905898,igorpecovnik/lib,370
17064089,mlsecproject/combine,368
13752333,OWASP/NodeGoat,366
54749186,kbastani/spring-cloud-event-sourcing-example,365
29083769,rckclmbr/pyportify,364
16809332,strukturag/spreed-webrtc,363
14587428,komljen/dockerfile-examples,363
30025542,gojp/goreportcard,361
33114259,ottogroup/palladium,361
7000986,PostmonAPI/postmon,360
49189209,mescon/Muximux,359
61392620,open-lambda/open-lambda,359
62408381,Requilence/integram,359
26681476,RaymiiOrg/ssl-decoder,357
18161510,furier/websync,357
43922256,jfrazelle/bane,354
36470954,cesanta/docker_auth,353
32341807,lokenx/plexrequests-meteor,353
10595626,code-mancers/invoker,352
29207899,github/lfs-test-server,352
51764518,czechboy0/Socks,351
17685194,oysterbooks/halfshell,350
3573909,wackou/guessit,350
44771262,Microsoft/HealthClinic.biz,349
16323162,openshift/source-to-image,349
11452538,prometheus/alertmanager,347
13999902,bellycard/napa,346
42531199,getcarina/dvm,344
45277943,nfl/react-wildcat,344
10294572,cburmeister/flask-bones,343
61302869,somaticio/tensorflow.rb,343
31704040,no13bus/redispapa,343
8889192,OWASP/railsgoat,342
23028937,performancecopilot/pcp,340
38273977,hone/mruby-cli,339
24253280,vishvananda/wormhole,338
30391466,mesos/kafka,338
19989605,google/certificate-transparency,338
18023059,rancher/cattle,337
21778871,cattleio/stampede,336
54588940,andrewgodwin/channels-examples,336
6826632,igm/sockjs-go,336
16947379,tutumcloud/haproxy,336
1071027,paver/paver,336
61273980,Medicean/VulApps,335
29736798,goffee/goffee,335
22127052,sourcegraph/thesrc,334
46101593,PGBI/kong-dashboard,334
35065891,GoogleCloudPlatform/nodejs-docs-samples,334
52963974,secureworks/dcept,334
12760648,ekalinin/Dockerfile.vim,334
29882058,CenturyLinkLabs/golang-builder,329
13545130,Transmode/gradle-docker,328
49850682,rangle/typescript-react-redux-starter,328
17628006,ANXS/postgresql,327
27290055,tobegit3hub/understand_linux_process,327
33593575,meltwater/docker-cleanup,326
41629359,ccrisan/motioneye,325
20961577,remoteinterview/compilebox,325
25481402,Netflix-Skunkworks/zerotodocker,325
5534023,bountysource/core,324
17053199,boot2docker/boot2docker-cli,324
45968932,node-tensorflow/node-tensorflow,319
19589726,bmuschko/gradle-docker-plugin,318
29239640,PeerioTechnologies/peerio-client,317
20084397,progrium/busybox,316
53271768,simonswine/kube-lego,315
25949241,probcomp/bayeslite,314
21054928,docker-library/python,312
60165924,scality/S3,310
28910752,ClusterHQ/powerstrip,310
34063534,CiscoCloud/mesos-consul,310
24109199,openshift/openshift-ansible,310
6121563,ConradIrwin/showterm.io,310
36959719,maxfields2000/dockerjenkins_tutorial,309
35266839,leighmcculloch/vagrant-docker-compose,307
15830644,dockerfile/nginx,307
15811116,fedora-cloud/Fedora-Dockerfiles,307
59787605,keybase/kbfs,305
21272952,sentora/sentora-core,305
22478116,docker-library/golang,305
30824101,lomik/go-carbon,305
12489121,hmarr/codecube,303
26757048,agocorona/transient,300
17303641,chef/chef-dk,300
20388420,mivok/markdownlint,299
33454961,jamiemccrindle/dockerception,298
4500218,obfuscurity/backstop,296
22427082,SoftwareDefinedBuildings/btrdb,296
30449481,apache/incubator-tinkerpop,295
15970855,brikis98/ping-play,295
28423071,CenturyLinkLabs/dray,295
29385745,cbednarski/hostess,294
31953662,xyproto/algernon,294
14984329,sscarduzio/elasticsearch-readonlyrest-plugin,293
32625517,Fornoth/spotify-connect-web,292
1201343,schacon/git-pulls,292
14375680,miki151/keeperrl,290
13190625,silexlabs/Silex,290
46617765,rangle/redux-segment,289
60521033,yyyar/gobetween,289
493163,rapidftr/RapidFTR,288
15750847,DiUS/pact-jvm,288
3813214,phundament/app,288
24641222,librariesio/libraries.io,288
6251961,orientation/orientation,288
3370128,pgjdbc/pgjdbc,286
16623156,bemasher/rtlamr,286
15274076,stealthly/scala-kafka,284
16466317,meta-toolkit/meta,284
16789051,gushphp/gush,283
8904242,mushorg/conpot,283
30621185,Netflix-Skunkworks/go-jira,283
44658720,kingsoft-wps/kingtask,282
31464477,Kaixhin/dockerfiles,282
22697833,karalabe/xgo,282
17722440,Rudloff/alltube,282
48109239,cilium/cilium,281
32059020,jjangsangy/ExplainToMe,281
24718628,marcusolsson/goddd,280
34379480,smebberson/docker-alpine,280
22476242,seapy/dockerfiles,279
15370964,openaustralia/morph,279
41469933,ahmetalpbalkan/wagl,279
17434744,tableflip/guvnor,278
25717615,startupml/jetpack,278
10695846,d4l3k/WebSync,277
33816473,testcontainers/testcontainers-java,275
39275042,gdg-x/hoverboard,275
20120686,cvrebert/lmvtfy,275
46704658,Raysmond/expper,275
43455641,luxas/kubernetes-on-arm,274
25215562,mcuadros/dockership,274
37676549,progrium/envy,274
14773779,tweag/HaskellR,273
4885084,yinqiwen/gsnova,273
9521528,mozilla/ichnaea,273
20079586,scripting/river4,273
25486269,Vectorface/dunit,271
15333471,jbarlow83/OCRmyPDF,270
34376625,google/mozc,268
1374129,BaseXdb/basex,267
11792504,Krijger/docker-cookbooks,267
5695934,gitonomy/gitonomy,266
16461705,lava/dockermail,266
43344128,googlesamples/gcm-playground,265
10633757,progrium/sshcommand,265
20513654,alexcrichton/curl-rust,265
7185527,sockethub/sockethub,264
6774018,fpco/stackage,264
44610195,redhat-cip/skydive,263
37041579,nicescale/docker-training,263
18125486,firecat53/dockerfiles,263
46162377,arecker/bennedetto,263
23570030,superdesk/superdesk,262
5634276,silverwind/droppy,262
29736794,Imgur/mandible,262
35234391,livelessons-spring/building-microservices,261
40277133,google/shaderc,261
50259821,nerves-project/nerves,261
20379117,FDA/openfda,260
42751387,treasure-data/digdag,260
49810275,alexellis/docker-arm,260
47998454,SteveLTN/nginx-acme,258
25573868,github/hoosegow,257
34370730,notablemind/jupyter-nodejs,257
21726337,fabiofalci/sconsify,256
23242778,henszey/etcd-browser,256
65209477,OpenDroneMap/WebODM,253
48529356,gen1us2k/ariadna,253
17368868,jhorey/ferry,253
17177044,caelum/mamute,252
6353054,eelcocramer/node-bluetooth-serial-port,252
8340103,eclipse/golo-lang,251
30194220,n-riesco/ijavascript,250
13567380,rogueleaderr/definitive_guide_to_django_deployment,250
35963722,nickjj/build-a-saas-app-with-flask,249
44090278,DrMongo/DrMongo,249
15517058,mjibson/moggio,249
26006689,purpleworks/fleet-ui,248
35569859,webrecorder/webrecorder,248
22642273,CIRCL/AIL-framework,248
17712572,arkenio/gogeta,247
50654403,yongjhih/docker-parse-server,247
11823890,jbfink/docker-wordpress,246
12319410,apiman/apiman,245
61668604,minio/doctor,245
36485077,sony/sonyflake,244
20049971,DeemOpen/zkui,244
61167975,snickers/snickers,242
8271291,yegor256/rultor,242
37780794,jlhawn/dockramp,242
29817340,gaomd/docker-ikev2-vpn-server,242
17716966,freedomjs/freedom,240
33767183,rancher/vm,240
48106815,LTD-Beget/sprutio,239
26910232,shashi/Escher.jl,239
21939399,juxt/joplin,238
24233689,bkimminich/juice-shop,238
5893032,Comcast/cmb,237
12420295,flynn-archive/discoverd,237
17158908,walshie4/Ultimate-Blocklist,237
13492546,otiai10/gosseract,237
18150893,llimllib/limbo,236
48899689,emergingstack/es-dev-stack,236
45876369,GoogleCloudPlatform/continuous-deployment-on-kubernetes,236
38757484,ClusterHQ/dvol,235
64392484,kvangent/PokeAlarm,235
9676923,openstack/heat-templates,234
20268869,nodecg/nodecg,232
45534113,gernest/hero,231
2087868,SpriteLink/NIPAP,231
19998465,tutumcloud/influxdb,231
4282803,afeld/jsonp,231
21778416,VoltFramework/volt,230
29448115,bom-d-van/harp,230
5822968,linuxlewis/djorm-ext-pgfulltext,230
33274353,ewolff/microservice,230
28756772,pawelkaczor/ddd-leaven-akka-v2,230
25826611,stealthly/go_kafka_client,229
12704584,pymssql/pymssql,228
43047092,andreimarcu/linx-server,228
35876129,EricssonResearch/calvin-base,228
24533794,mamuz/PhpDependencyAnalysis,228
41309236,defpoint/threat_note,227
28868495,scrapinghub/scrapyrt,226
17555029,Zolmeister/zethos,226
12657502,texit/texit,225
23923847,mozilla/tls-observatory,224
27600512,stripe/gaps,224
6679556,Zentyal/zentyal,223
19897878,itzg/dockerfiles,223
58142460,amygdala/tensorflow-workshop,222
42751197,kfei/slack-cleaner,222
27727916,wellington/wellington,222
68197176,PalmStoneGames/kube-cert-manager,221
8861981,serphacker/serposcope,221
25244245,xhacker/miracle-board,221
31336061,jekyll/docker,221
29195137,travis-ci/gimme,221
2351637,pydanny/djangopackages,220
11537216,SpiderLabs/MCIR,219
44958960,jackhutu/jackblog-api-express,219
4255988,tsuru/gandalf,218
32575663,scaleway/scaleway-cli,218
28499921,iiYii/getyii,218
38272402,Yelp/docker-custodian,217
1602288,cloudfoundry/java-buildpack-auto-reconfiguration,217
33616975,cloudtools/ssh-cert-authority,215
64083411,iverberk/nomad-ui,215
61304413,embbnux/kails,213
47964688,zalando/zappr,212
12849134,diraimondo/gmusicproxy,211
48767383,eBay/Neutrino,211
53351905,shardis/spring-angular2-starter,211
321477,phunt/zk-smoketest,210
48007294,coreos/coreos-baremetal,210
42208696,streamsets/datacollector,209
33209445,auth0/nginx-jwt,209
48808013,rangle/ng2-redux-starter,208
30324513,mondough/phosphor,208
45848386,tweag/sparkle,208
3523733,lipp/lua-websockets,207
26314357,openstack/magnum,207
43557981,Capgemini/mesos-ui,206
32867425,projectatomic/nulecule,206
13657367,relateiq/docker_public,206
802133,ActiveState/appdirs,205
21191978,chrislusf/teeproxy,205
45687347,RackHD/RackHD,205
486345,bfirsh/django-ordered-model,204
6107632,jhillyerd/inbucket,204
19988000,bketelsen/captainhook,204
48647914,brocaar/loraserver,202
13900112,brechtm/rinohtype,202
25060198,skorokithakis/netproxy,200
26669671,qiniu/qshell,200
11903894,Imgur/incus,200
21324524,cptactionhank/docker-atlassian-jira,199
49401134,pypa/manylinux,199
256319,dgoodwin/tito,199
15202468,CounterpartyXCP/counterparty-lib,199
31570843,gliderlabs/resolvable,198
28992290,docker-library/elasticsearch,198
27525759,riolet/longs,198
12645326,openstack/rally,197
39335675,pmwkaa/serenity,197
1194778,hamcrest/PyHamcrest,196
15927089,Glavin001/GitLab-Pages,196
14761593,ellmetha/django-machina,196
48586369,WhiteBlue/bilibili-service,196
12169756,BotBotMe/botbot-bot,195
26399764,haugene/docker-transmission-openvpn,194
42521988,twstrike/coyim,194
25742807,autolab/Autolab,193
25383267,yodlr/CoreGI,193
28537181,talkincode/ToughRADIUS,192
24793403,ipedrazas/taiga-docker,191
49765480,LightningNetwork/lnd,190
46087800,GoogleCloudPlatform/flask-talisman,190
54923399,pagarme/teleport,190
33695917,heroku/heroku-docker,190
39833186,samim23/GitXiv,189
18935740,julianguyen/ifme,189
42408083,dask/distributed,189
29885013,ayufan/gitlab-ci-multi-runner,188
31654689,callistaenterprise/blog-microservices,187
9353138,heroku/heroku-buildpack-pgbouncer,187
59370571,corradio/electricitymap,186
35324266,billvsme/vmaig_blog,186
28992184,igraph/python-igraph,186
2155500,apache/bigtop,186
28151108,savoirfairelinux/opendht,185
22224941,ipython/docker-notebook,185
10960144,ptone/jiffylab,185
31615206,OpenSCAP/container-compliance,185
24293986,everysquare/pollinate,185
12220065,kencochrane/django-docker,185
30101440,larsks/dockerize,184
37382926,owainlewis/falkor,183
61070826,jmartin82/mmock,183
46048309,jackhutu/jackblog-react-redux,183
12241186,haskell/hackage-server,183
11848896,blueboxgroup/ursula,183
15380763,wurstmeister/storm-docker,183
22795312,numenta/htm.java,182
12535703,csparpa/pyowm,182
53296807,redspread/localkube,182
1799884,mozilla/mozillians,181
41447721,treeder/go,180
26653348,mesosphere/dcos-cli,180
29375932,William-Yeh/docker-workshop,179
2510495,kazuhisya/nodejs-rpm,179
14397208,JetBrains/kotlin-web-site,179
9876198,FlyersWeb/angular-symfony,179
54400669,kevthehermit/VolUtility,179
28010924,bigboringsystem/bigboringsystem,179
6440559,divio/djangocms-admin-style,179
14624255,nebula-plugins/gradle-ospackage-plugin,179
8464182,bloomberg/phabricator-tools,178
28774665,jshomes/JSHomes-Platform,177
13726026,tutumcloud/apache-php,177
27903690,flynn/go-tuf,177
24999157,zeromq/malamute,176
