"file_type","count"
"java","17827"
"go","12735"
"c","5002"
"h","3945"
"py","3179"
"md","2381"
"sh","2271"
"markdown","2021"
"cc","1456"
"png","1325"
"svg","1174"
"xml","920"
"cs","871"
"js","770"
"template","656"
"html","644"
"ui","584"
"directive","366"
"css","345"
"rb","281"
"jpg","260"
"proto","242"
"controller","229"
"gwt","224"
"micro","221"
"json","214"
"m","182"
"gitignore","179"
"php","170"
"yml","159"
"yaml","151"
"styl","142"
"properties","142"
"ttf","136"
"cmake","133"
"ts","131"
"travis","126"
"woff","124"
"eot","110"
"scss","108"
"pyx","98"
"factory","96"
"txt","93"
"generated","85"
"gpu","82"
"spec","73"
"include","72"
"conf","71"
"Dockerfile","70"
"pb","58"
"liquid","53"
"cpu","52"
"tmpl","52"
"bats","50"
"cpu-noavx-demo","44"
"pem","44"
"cpu-noavx","44"
"gpu-noavx-devel","44"
"amber","44"
"cpu-noavx-devel","44"
"gpu-noavx-demo","44"
"rscjson","40"
"config","39"
"pxd","39"
"less","38"
"dockerignore","35"
"ipynb","35"
"woff2","34"
"rst","33"
"gpu-devel","33"
"gpu-noavx","33"
"cpu-demo","33"
"cpu-devel","33"
"m4","33"
"gpu-demo","33"
"mp4","31"
"mingw","30"
"devel-gpu","30"
"gen","29"
"gyp","28"
"service","27"
"ini","26"
"cu","25"
"jsx","25"
"deepcopy","25"
"devel","24"
"bzl","23"
"min","22"
"gif","21"
"cpp","21"
"podspec","20"
"in","20"
"android","19"
"centos","17"
"pbtxt","17"
"lock","17"
"mariadb","16"
"nn","16"
"tpl","16"
"contrib","16"
"eclipse","16"
"tar","15"
"constant","15"
"sql","15"
"sass","15"
"1","14"
"filter","14"
"drone","14"
"bash","14"
"mysql56","14"
"pxi","13"
"bat","13"
"toml","13"
"arch","12"
"conversion","12"
"BUILD","11"
"ubuntu","11"
"psd","11"
"module","10"
"log","10"
"csv","9"
"test","9"
"percona","9"
"ico","8"
"mock","8"
"run","8"
"7","8"
"6","8"
"jar","8"
"po","8"
"vim","8"
"csr","8"
"24","8"
"rsc","8"
"eslintrc","7"
"debian","7"
"validate","7"
"server","6"
"mysql57","6"
"Core","6"
"summary","6"
"v0","6"
"key","6"
"local","6"
"tensorboard","5"
"crt","5"
"3","5"
"ruby-version","5"
"common","5"
"gitkeep","5"
"pep8","4"
"zip","4"
"tokens","4"
"Examples","4"
"HealthCheck","4"
"train","4"
"22","4"
"webm","4"
"hbm","4"
"rc","4"
"jsp","4"
"mk","4"
"ja","4"
"csproj","4"
"editorconfig","4"
"sln","4"
"4","4"
"2","4"
"modify_test_table","4"
"23","4"
"bowerrc","4"
"browser","4"
"mm","3"
"413147faa79807fc46a9","3"
"jshintrc","3"
"mp3","3"
"inheritance","3"
"ru","3"
"armhf","3"
"rpm","3"
"xcworkspace","3"
"ps1","3"
"i","3"
"gpg","3"
"list","3"
"array_ops","3"
"pdf","3"
"bench","3"
"deb","3"
"arm64","3"
"windows","3"
"gitmodules","3"
"cfg","2"
"25","2"
"maven","2"
"add_data","2"
"lbox","2"
"docopt","2"
"10","2"
"Makefile","2"
"MD","2"
"iml","2"
"IntegrationTesting","2"
"swift","2"
"custom","2"
"learn","2"
"8","2"
"jscsrc","2"
"5_address_rejected","2"
"l","2"
"servlet","2"
"modules","2"
"Graph","2"
"pre-commit-config","2"
"inc","2"
"5_pip_packages","2"
"26","2"
"image","2"
"build","2"
"gitattributes","2"
"init","2"
"diff","2"
"gradle","2"
"resource","2"
"lua","2"
"jpeg","2"
"util","2"
"htpasswd","2"
"netrc","2"
"libyaml","2"
"animate-is-now-in-Chrome-36","2"
"s","2"
"not","2"
"k8s","2"
"ssl","2"
"blank","2"
"babelrc","2"
"Session","2"
"coffee","2"
"ubuntu-15","2"
"parse_example","2"
"wrap-docker-args","2"
"layers","2"
"srl","2"
"rl","2"
"sample","2"
"0","2"
"d","2"
"swf","2"
"5","2"
"pbxproj","2"
"name","2"
"bash_history","2"
"orange-purple","1"
"light_green-cyan","1"
"pink-amber","1"
"light_green-yellow","1"
"docs","1"
"light_blue-cyan","1"
"yo-rc","1"
"deep_purple-amber","1"
"lite","1"
"yellow-orange","1"
"yellow-pink","1"
"purple-light_green","1"
"alpine","1"
"indigo-yellow","1"
"mkd","1"
"brown-yellow","1"
"indigo-purple","1"
"deep_orange-orange","1"
"green-purple","1"
"lime-deep_orange","1"
"orange-yellow","1"
"3pre","1"
"blue-orange","1"
"teal-indigo","1"
"amber-lime","1"
"light_green-teal","1"
"rbenv","1"
"light_blue-light_green","1"
"orange-light_green","1"
"blue-teal","1"
"npmignore","1"
"blue_grey-teal","1"
"red-indigo","1"
"red-yellow","1"
"purple-lime","1"
"yellow-deep_purple","1"
"deep_orange-deep_purple","1"
"blue-light_blue","1"
"purple-indigo","1"
"dockerfile","1"
"light_green-indigo","1"
"blue-pink","1"
"purple-light_blue","1"
"brown-blue","1"
"light_blue-purple","1"
"amber-yellow","1"
"teal-light_blue","1"
"code","1"
"orange-blue","1"
"nupic_modules","1"
"purple-teal","1"
"indigo-pink","1"
"teal-deep_purple","1"
"purple-green","1"
"grey-cyan","1"
"deep_purple-cyan","1"
"route","1"
"grey-light_green","1"
"yellow-light_blue","1"
"deep_purple-yellow","1"
"blue_grey-deep_orange","1"
"ci","1"
"light_blue-pink","1"
"red-light_blue","1"
"teal-pink","1"
"deep_purple-blue","1"
"yellow-lime","1"
"brown-deep_orange","1"
"red-blue","1"
"brown-light_green","1"
"tex","1"
"ac","1"
"green-light_green","1"
"deep_orange-blue","1"
"indigo-light_blue","1"
"brown-indigo","1"
"deep_orange-green","1"
"am","1"
"teal-light_green","1"
"red-teal","1"
"teal-orange","1"
"purple-amber","1"
"raspberrypi","1"
"promu","1"
"green-pink","1"
"green-yellow","1"
"godir","1"
"master","1"
"cyan-purple","1"
"light_blue-lime","1"
"orange-pink","1"
"indigo-deep_orange","1"
"lime-teal","1"
"lime-purple","1"
"GraphKeys","1"
"green-orange","1"
"cyan-amber","1"
"red-deep_orange","1"
"blue_grey-red","1"
"orange-amber","1"
"cyan-lime","1"
"grey-blue","1"
"light_blue-amber","1"
"orange-deep_purple","1"
"deep_orange-pink","1"
"green-cyan","1"
"red-light_green","1"
"blue-purple","1"
"pink-red","1"
"red-green","1"
"grey-light_blue","1"
"yellow-green","1"
"pink-orange","1"
"lime-light_blue","1"
"cyan-light_blue","1"
"light_green-amber","1"
"apache2","1"
"teal-green","1"
"purple-yellow","1"
"deep_orange-light_blue","1"
"amber-deep_orange","1"
"blue_grey-yellow","1"
"brown-green","1"
"light_blue-indigo","1"
"red-orange","1"
"grey-amber","1"
"blue_grey-purple","1"
"deep_orange-amber","1"
"teal-cyan","1"
"orange-cyan","1"
"teal-amber","1"
"lime-orange","1"
"amber-teal","1"
"db","1"
"blue_grey-deep_purple","1"
"deep_purple-red","1"
"yellow-red","1"
"bazelrc","1"
"pink-green","1"
"bzrignore","1"
"green-light_blue","1"
"amber-pink","1"
"fedora23","1"
"deep_purple-green","1"
"dev","1"
"constants","1"
"indigo-blue","1"
"pink-purple","1"
"purple-cyan","1"
"light_green-lime","1"
"brown-cyan","1"
"pink-indigo","1"
"indigo-cyan","1"
"lime-blue","1"
"blue-amber","1"
"blue_grey-amber","1"
"light_blue-teal","1"
"grey-green","1"
"brown-amber","1"
"light_green-pink","1"
"green-teal","1"
"yellow-blue","1"
"orange-teal","1"
"light_blue-deep_purple","1"
"indigo-red","1"
"indigo-orange","1"
"blue-lime","1"
"amber-light_green","1"
"blue-light_green","1"
"deep_purple-light_green","1"
"pink-blue","1"
"brown-lime","1"
"red-purple","1"
"yellow-cyan","1"
"grey-pink","1"
"lime-deep_purple","1"
"deep_purple-teal","1"
"deep_purple-deep_orange","1"
"teal-deep_orange","1"
"vtt","1"
"cyan-red","1"
"yellow-indigo","1"
"pink-yellow","1"
"pink-cyan","1"
"ldif","1"
"aws","1"
"rice","1"
"light_green-blue","1"
"amber-green","1"
"light_green-light_blue","1"
"light_blue-red","1"
"brown-pink","1"
"grey-red","1"
"grey-deep_orange","1"
"eps","1"
"deep_orange-indigo","1"
"deep_purple-light_blue","1"
"purple-red","1"
"deep_orange-light_green","1"
"deep_orange-lime","1"
"blue-deep_orange","1"
"light_blue-blue","1"
"APACHE","1"
"grey-deep_purple","1"
"cyan-pink","1"
"blue_grey-light_green","1"
"light_green-red","1"
"blue_grey-pink","1"
"amber-orange","1"
"blue_grey-green","1"
"amber-light_blue","1"
"teal-red","1"
"BSD","1"
"grey-purple","1"
"blue-indigo","1"
"red-cyan","1"
"deep_purple-lime","1"
"lime-red","1"
"pink-deep_purple","1"
"deep_orange-red","1"
"htdigest","1"
"cnf","1"
"yellow-light_green","1"
"teal-purple","1"
"pink-light_green","1"
"orange-red","1"
"blue_grey-blue","1"
"teal-blue","1"
"blue-red","1"
"light_blue-yellow","1"
"lime-amber","1"
"linted_packages","1"
"light_green-purple","1"
"purple-orange","1"
"grey-lime","1"
"cyan-green","1"
"light_green-deep_orange","1"
"red-amber","1"
"light_blue-orange","1"
"red-deep_purple","1"
"amber-cyan","1"
"lime-cyan","1"
"yellow-purple","1"
"brown-orange","1"
"grey-teal","1"
"pub","1"
"purple-deep_orange","1"
"keep","1"
"red-pink","1"
"cyan-deep_orange","1"
"cyan-light_green","1"
"lime-indigo","1"
"blue_grey-indigo","1"
"yellow-deep_orange","1"
"amber-purple","1"
"lime-pink","1"
"light_blue-deep_orange","1"
"light_blue-green","1"
"deep_orange-cyan","1"
"indigo-deep_purple","1"
"green-blue","1"
"centos6","1"
"blue-deep_purple","1"
"indigo-lime","1"
"green-lime","1"
"blue-cyan","1"
"deep_purple-purple","1"
"indigo-green","1"
"aug","1"
"light_green-orange","1"
"cyan-indigo","1"
"htaccess","1"
"deep_purple-orange","1"
"5_linux","1"
"lime-light_green","1"
"lime-yellow","1"
"blue-yellow","1"
"amber-deep_purple","1"
"indigo-light_green","1"
"cyan-blue","1"
"purple-blue","1"
"INCLUDE","1"
"red-lime","1"
"amber-indigo","1"
"blue_grey-orange","1"
"pink-deep_orange","1"
"deep_purple-indigo","1"
"green-deep_orange","1"
"webpack","1"
"indigo-teal","1"
"blue-green","1"
"cyan-teal","1"
"y","1"
"yellow-teal","1"
"light_green-deep_purple","1"
"pink-lime","1"
"amber-blue","1"
"grey-yellow","1"
"purple-deep_purple","1"
"blue_grey-cyan","1"
"deep_purple-pink","1"
"green-deep_purple","1"
"gpu_base","1"
"blue_grey-lime","1"
"orange-deep_orange","1"
"orange-light_blue","1"
"cyan-yellow","1"
"green-red","1"
"mid","1"
"light_green-green","1"
"brown-red","1"
"orange-green","1"
"deep_orange-yellow","1"
"orange-indigo","1"
"grey-indigo","1"
"lime-green","1"
"pink-teal","1"
"cyan-deep_purple","1"
"brown-purple","1"
"bashrc","1"
"deep_orange-teal","1"
"green-indigo","1"
"codeclimate","1"
"cyan-orange","1"
"pink-light_blue","1"
"teal-yellow","1"
"orange-lime","1"
"brown-deep_purple","1"
"yellow-amber","1"
"blue_grey-light_blue","1"
"indigo-amber","1"
"purple-pink","1"
"brown-teal","1"
"green-amber","1"
"amber-red","1"
"brown-light_blue","1"
"deep_orange-purple","1"
"teal-lime","1"
"grey-orange","1"